timestamp,machine_id,temperature,vibration,status
2026-03-01T08:00:00,MCH-01,72.5,0.02,OPERATIONAL
2026-03-01T08:05:00,MCH-02,75.1,0.05,OPERATIONAL
2026-03-01T08:10:00,MCH-01,72.8,0.02,OPERATIONAL
2026-03-01T08:15:00,MCH-02,88.4,0.85,OPERATIONAL
2026-03-01T08:20:00,MCH-01,73.0,0.03,OPERATIONAL
2026-03-01T08:25:00,MCH-02,95.2,1.2,WARNING
2026-03-01T08:30:00,MCH-01,72.9,0.02,OPERATIONAL
2026-03-01T08:35:00,MCH-02,40.0,0.01,ERROR
2026-03-01T08:40:00,MCH-01,73.3,0.03,OPERATIONAL
2026-03-01T08:45:00,MCH-02,40.2,0.02,OPERATIONAL
2026-03-01T08:50:00,MCH-03,72.6,0.04,OPERATIONAL
2026-03-01T08:55:00,MCH-04,74.4,0.04,OPERATIONAL
2026-03-01T09:00:00,MCH-05,72.3,0.04,OPERATIONAL
2026-03-01T09:05:00,MCH-06,71.3,0.05,OPERATIONAL
2026-03-01T09:10:00,MCH-07,73.6,0.05,OPERATIONAL
2026-03-01T09:15:00,MCH-08,72.6,0.04,OPERATIONAL
2026-03-01T09:20:00,MCH-01,71.7,0.02,OPERATIONAL
2026-03-01T09:25:00,MCH-02,39.9,0.01,OPERATIONAL
2026-03-01T09:30:00,MCH-03,73.1,0.05,OPERATIONAL
2026-03-01T09:35:00,MCH-04,73.0,0.04,OPERATIONAL
2026-03-01T09:40:00,MCH-04,72.9,0.04,OPERATIONAL
2026-03-01T09:45:00,MCH-06,72.2,0.06,OPERATIONAL
2026-03-01T09:50:00,MCH-07,73.7,0.06,OPERATIONAL
2026-03-01T09:55:00,MCH-08,72.9,0.04,OPERATIONAL
2026-03-01T10:00:00,MCH-01,74.0,0.02,OPERATIONAL
2026-03-01T10:05:00,MCH-02,40.7,0.02,OPERATIONAL
2026-03-01T10:10:00,MCH-03,72.5,0.05,OPERATIONAL
2026-03-01T10:15:00,MCH-04,73.7,0.04,OPERATIONAL
2026-03-01T10:20:00,MCH-05,72.1,0.04,OPERATIONAL
2026-03-01T10:25:00,MCH-06,91.3,0.65,WARNING
2026-03-01T10:30:00,MCH-07,73.5,0.07,OPERATIONAL
2026-03-01T10:35:00,MCH-08,72.2,0.05,OPERATIONAL
2026-03-01T10:40:00,MCH-01,71.8,0.02,OPERATIONAL
2026-03-01T10:45:00,MCH-02,39.6,0.01,OPERATIONAL
2026-03-01T10:50:00,MCH-03,71.9,0.05,OPERATIONAL
2026-03-01T10:55:00,MCH-04,73.7,0.06,OPERATIONAL
2026-03-01T11:00:00,MCH-05,71.6,0.05,OPERATIONAL
2026-03-01T11:05:00,MCH-06,83.7,0.52,WARNING
2026-03-01T11:10:00,MCH-06,70.8,0.05,OPERATIONAL
2026-03-01T11:15:00,MCH-06,73.0,0.05,OPERATIONAL
2026-03-01T11:20:00,MCH-01,72.5,0.02,OPERATIONAL
2026-03-01T11:25:00,MCH-01,74.1,0.02,OPERATIONAL
2026-03-01T11:30:00,MCH-01,74.8,0.02,OPERATIONAL
2026-03-01T11:35:00,MCH-04,73.9,0.05,OPERATIONAL
2026-03-01T11:40:00,MCH-05,72.5,0.04,OPERATIONAL
2026-03-01T11:45:00,MCH-06,71.5,0.05,OPERATIONAL
2026-03-01T11:50:00,MCH-07,72.8,0.06,OPERATIONAL
2026-03-01T11:55:00,MCH-08,73.0,0.04,OPERATIONAL
2026-03-01T12:00:00,MCH-01,72.5,0.02,OPERATIONAL
2026-03-01T12:05:00,MCH-02,40.4,0.02,OPERATIONAL
2026-03-01T12:10:00,MCH-03,71.1,0.04,OPERATIONAL
2026-03-01T12:15:00,MCH-04,73.6,0.04,OPERATIONAL
2026-03-01T12:20:00,MCH-05,71.6,0.04,OPERATIONAL
2026-03-01T12:25:00,MCH-06,72.3,0.06,OPERATIONAL
2026-03-01T12:30:00,MCH-07,74.0,0.05,OPERATIONAL
2026-03-01T12:35:00,MCH-08,72.9,0.04,OPERATIONAL
2026-03-01T12:40:00,MCH-01,73.8,0.03,OPERATIONAL
2026-03-01T12:45:00,MCH-02,40.8,0.03,OPERATIONAL
2026-03-01T12:50:00,MCH-03,72.0,0.05,OPERATIONAL
2026-03-01T12:55:00,MCH-04,74.3,0.04,OPERATIONAL
2026-03-01T13:00:00,MCH-05,72.3,0.05,OPERATIONAL
2026-03-01T13:05:00,MCH-05,72.7,0.04,OPERATIONAL
2026-03-01T13:10:00,MCH-07,73.3,0.06,OPERATIONAL
2026-03-01T13:15:00,MCH-08,72.2,0.05,OPERATIONAL
2026-03-01T13:20:00,MCH-01,72.5,0.02,OPERATIONAL
2026-03-01T13:25:00,MCH-01,73.1,0.03,OPERATIONAL
2026-03-01T13:30:00,MCH-03,72.3,0.05,OPERATIONAL
2026-03-01T13:35:00,MCH-04,74.5,0.04,OPERATIONAL
2026-03-01T13:40:00,MCH-05,71.0,0.04,OPERATIONAL
2026-03-01T13:45:00,MCH-06,71.9,0.06,OPERATIONAL
2026-03-01T13:50:00,MCH-06,72.5,0.05,OPERATIONAL
2026-03-01T13:55:00,MCH-08,71.1,0.04,OPERATIONAL
2026-03-01T14:00:00,MCH-01,73.9,0.03,OPERATIONAL
2026-03-01T14:05:00,MCH-02,40.5,0.02,OPERATIONAL
2026-03-01T14:10:00,MCH-03,73.4,0.04,OPERATIONAL
2026-03-01T14:15:00,MCH-04,72.8,0.04,OPERATIONAL
2026-03-01T14:20:00,MCH-05,70.7,0.05,OPERATIONAL
2026-03-01T14:25:00,MCH-06,71.7,0.06,OPERATIONAL
2026-03-01T14:30:00,MCH-07,72.7,0.06,OPERATIONAL
2026-03-01T14:35:00,MCH-07,72.7,0.06,OPERATIONAL
2026-03-01T14:40:00,MCH-07,73.2,0.06,OPERATIONAL
2026-03-01T14:45:00,MCH-07,73.5,0.05,OPERATIONAL
2026-03-01T14:50:00,MCH-03,72.5,0.04,OPERATIONAL
2026-03-01T14:55:00,MCH-04,73.3,0.05,OPERATIONAL
2026-03-01T15:00:00,MCH-05,72.5,0.04,OPERATIONAL
2026-03-01T15:05:00,MCH-05,70.4,0.04,OPERATIONAL
2026-03-01T15:10:00,MCH-07,74.7,0.06,OPERATIONAL
2026-03-01T15:15:00,MCH-08,71.9,0.04,OPERATIONAL
2026-03-01T15:20:00,MCH-01,73.7,0.02,OPERATIONAL
2026-03-01T15:25:00,MCH-01,73.0,0.02,OPERATIONAL
2026-03-01T15:30:00,MCH-03,73.4,0.04,OPERATIONAL
2026-03-01T15:35:00,MCH-04,73.7,0.05,OPERATIONAL
2026-03-01T15:40:00,MCH-05,71.6,0.04,OPERATIONAL
2026-03-01T15:45:00,MCH-06,70.9,0.05,OPERATIONAL
2026-03-01T15:50:00,MCH-07,74.2,0.05,OPERATIONAL
2026-03-01T15:55:00,MCH-07,73.2,0.06,OPERATIONAL
2026-03-01T16:00:00,MCH-01,73.3,0.02,OPERATIONAL
2026-03-01T16:05:00,MCH-02,40.4,0.03,OPERATIONAL
2026-03-01T16:10:00,MCH-03,73.1,0.07,OPERATIONAL
2026-03-01T16:15:00,MCH-04,73.1,0.04,OPERATIONAL
2026-03-01T16:20:00,MCH-05,72.3,0.05,OPERATIONAL
2026-03-01T16:25:00,MCH-06,72.3,0.06,OPERATIONAL
2026-03-01T16:30:00,MCH-07,74.5,0.05,OPERATIONAL
2026-03-01T16:35:00,MCH-07,73.5,0.07,OPERATIONAL
2026-03-01T16:40:00,MCH-01,73.0,0.02,OPERATIONAL
2026-03-01T16:45:00,MCH-02,39.9,0.02,OPERATIONAL
2026-03-01T16:50:00,MCH-03,72.5,0.05,OPERATIONAL
2026-03-01T16:55:00,MCH-04,73.1,0.04,OPERATIONAL
2026-03-01T17:00:00,MCH-04,73.3,0.04,OPERATIONAL
2026-03-01T17:05:00,MCH-06,70.8,0.06,OPERATIONAL
2026-03-01T17:10:00,MCH-07,73.3,0.06,OPERATIONAL
2026-03-01T17:15:00,MCH-08,72.8,0.04,OPERATIONAL
2026-03-01T17:20:00,MCH-08,73.3,0.04,OPERATIONAL
2026-03-01T17:25:00,MCH-02,39.9,0.02,OPERATIONAL
2026-03-01T17:30:00,MCH-03,72.0,0.05,OPERATIONAL
2026-03-01T17:35:00,MCH-04,74.9,0.04,OPERATIONAL
2026-03-01T17:40:00,MCH-05,71.8,0.06,OPERATIONAL
2026-03-01T17:45:00,MCH-06,71.6,0.06,OPERATIONAL
2026-03-01T17:50:00,MCH-06,72.6,0.05,OPERATIONAL
2026-03-01T17:55:00,MCH-08,71.7,0.04,OPERATIONAL
2026-03-01T18:00:00,MCH-01,73.5,0.02,OPERATIONAL
2026-03-01T18:05:00,MCH-02,39.8,0.03,OPERATIONAL
2026-03-01T18:10:00,MCH-03,72.9,0.05,OPERATIONAL
2026-03-01T18:15:00,MCH-04,73.2,0.05,OPERATIONAL
2026-03-01T18:20:00,MCH-04,74.1,0.04,OPERATIONAL
2026-03-01T18:25:00,MCH-06,72.0,0.05,OPERATIONAL
2026-03-01T18:30:00,MCH-07,74.0,0.06,OPERATIONAL
2026-03-01T18:35:00,MCH-08,73.3,0.05,OPERATIONAL
2026-03-01T18:40:00,MCH-01,72.9,0.03,OPERATIONAL
2026-03-01T18:45:00,MCH-02,39.4,0.02,OPERATIONAL
2026-03-01T18:50:00,MCH-03,73.5,0.05,OPERATIONAL
2026-03-01T18:55:00,MCH-04,74.0,0.04,OPERATIONAL
2026-03-01T19:00:00,MCH-05,70.6,0.04,OPERATIONAL
2026-03-01T19:05:00,MCH-06,71.5,0.07,OPERATIONAL
2026-03-01T19:10:00,MCH-07,73.0,0.07,OPERATIONAL
2026-03-01T19:15:00,MCH-07,73.7,0.06,OPERATIONAL
2026-03-01T19:20:00,MCH-07,74.1,0.06,OPERATIONAL
2026-03-01T19:25:00,MCH-02,39.8,0.02,OPERATIONAL
2026-03-01T19:30:00,MCH-03,72.2,0.05,OPERATIONAL
2026-03-01T19:35:00,MCH-04,73.9,0.04,OPERATIONAL
2026-03-01T19:40:00,MCH-04,72.8,0.05,OPERATIONAL
2026-03-01T19:45:00,MCH-06,70.5,0.06,OPERATIONAL
2026-03-01T19:50:00,MCH-07,73.7,0.06,OPERATIONAL
2026-03-01T19:55:00,MCH-08,72.4,0.04,OPERATIONAL
2026-03-01T20:00:00,MCH-01,72.6,0.03,OPERATIONAL
2026-03-01T20:05:00,MCH-01,73.0,0.02,OPERATIONAL
2026-03-01T20:10:00,MCH-03,73.0,0.05,OPERATIONAL
2026-03-01T20:15:00,MCH-03,73.0,0.06,OPERATIONAL
2026-03-01T20:20:00,MCH-05,71.6,0.04,OPERATIONAL
2026-03-01T20:25:00,MCH-06,72.1,0.05,OPERATIONAL
2026-03-01T20:30:00,MCH-07,72.7,0.05,OPERATIONAL
2026-03-01T20:35:00,MCH-08,71.3,0.04,OPERATIONAL
2026-03-01T20:40:00,MCH-01,73.1,0.02,OPERATIONAL
2026-03-01T20:45:00,MCH-02,40.5,0.01,OPERATIONAL
2026-03-01T20:50:00,MCH-03,72.8,0.07,OPERATIONAL
2026-03-01T20:55:00,MCH-04,72.8,0.04,OPERATIONAL
2026-03-01T21:00:00,MCH-05,72.3,0.04,OPERATIONAL
2026-03-01T21:05:00,MCH-05,71.2,0.05,OPERATIONAL
2026-03-01T21:10:00,MCH-07,73.5,0.05,OPERATIONAL
2026-03-01T21:15:00,MCH-07,73.6,0.05,OPERATIONAL
2026-03-01T21:20:00,MCH-01,72.7,0.02,OPERATIONAL
2026-03-01T21:25:00,MCH-02,39.9,0.03,OPERATIONAL
2026-03-01T21:30:00,MCH-02,40.6,0.03,OPERATIONAL
2026-03-01T21:35:00,MCH-04,73.2,0.05,OPERATIONAL
2026-03-01T21:40:00,MCH-04,74.3,0.04,OPERATIONAL
2026-03-01T21:45:00,MCH-06,72.0,0.05,OPERATIONAL
2026-03-01T21:50:00,MCH-07,73.0,0.06,OPERATIONAL
2026-03-01T21:55:00,MCH-08,73.0,0.05,OPERATIONAL
2026-03-01T22:00:00,MCH-01,74.0,0.04,OPERATIONAL
2026-03-01T22:05:00,MCH-01,74.0,0.03,OPERATIONAL
2026-03-01T22:10:00,MCH-03,71.9,0.06,OPERATIONAL
2026-03-01T22:15:00,MCH-04,73.8,0.04,OPERATIONAL
2026-03-01T22:20:00,MCH-05,71.3,0.04,OPERATIONAL
2026-03-01T22:25:00,MCH-05,71.3,0.05,OPERATIONAL
2026-03-01T22:30:00,MCH-07,73.4,0.06,OPERATIONAL
2026-03-01T22:35:00,MCH-08,72.9,0.03,OPERATIONAL
2026-03-01T22:40:00,MCH-01,72.2,0.03,OPERATIONAL
2026-03-01T22:45:00,MCH-02,39.8,0.04,OPERATIONAL
2026-03-01T22:50:00,MCH-03,72.4,0.05,OPERATIONAL
2026-03-01T22:55:00,MCH-04,73.4,0.06,OPERATIONAL
2026-03-01T23:00:00,MCH-05,71.6,0.05,OPERATIONAL
2026-03-01T23:05:00,MCH-05,71.2,0.04,OPERATIONAL
2026-03-01T23:10:00,MCH-07,73.4,0.05,OPERATIONAL
2026-03-01T23:15:00,MCH-08,73.2,0.04,OPERATIONAL
2026-03-01T23:20:00,MCH-01,73.1,0.02,OPERATIONAL
2026-03-01T23:25:00,MCH-02,39.3,0.03,OPERATIONAL
2026-03-01T23:30:00,MCH-03,73.7,0.06,OPERATIONAL
2026-03-01T23:35:00,MCH-04,73.5,0.05,OPERATIONAL
2026-03-01T23:40:00,MCH-04,73.2,0.04,OPERATIONAL
2026-03-01T23:45:00,MCH-06,71.8,0.05,OPERATIONAL
2026-03-01T23:50:00,MCH-07,73.5,0.05,OPERATIONAL
2026-03-01T23:55:00,MCH-08,74.0,0.04,OPERATIONAL
2026-03-02T00:00:00,MCH-01,72.1,0.03,OPERATIONAL
2026-03-02T00:05:00,MCH-02,40.1,0.03,OPERATIONAL
2026-03-02T00:10:00,MCH-03,72.8,0.06,OPERATIONAL
2026-03-02T00:15:00,MCH-04,73.7,0.05,OPERATIONAL
2026-03-02T00:20:00,MCH-05,71.3,0.04,OPERATIONAL
2026-03-02T00:25:00,MCH-06,71.7,0.05,OPERATIONAL
2026-03-02T00:30:00,MCH-07,73.8,0.05,OPERATIONAL
2026-03-02T00:35:00,MCH-08,72.1,0.04,OPERATIONAL
2026-03-02T00:40:00,MCH-01,72.8,0.02,OPERATIONAL
2026-03-02T00:45:00,MCH-02,40.5,0.02,OPERATIONAL
2026-03-02T00:50:00,MCH-03,73.5,0.07,OPERATIONAL
2026-03-02T00:55:00,MCH-04,72.4,0.06,OPERATIONAL
2026-03-02T01:00:00,MCH-04,73.7,0.06,OPERATIONAL
2026-03-02T01:05:00,MCH-06,71.7,0.06,OPERATIONAL
2026-03-02T01:10:00,MCH-07,74.4,0.05,OPERATIONAL
2026-03-02T01:15:00,MCH-08,72.6,0.05,OPERATIONAL
2026-03-02T01:20:00,MCH-01,73.4,0.02,OPERATIONAL
2026-03-02T01:25:00,MCH-02,40.2,0.02,OPERATIONAL
2026-03-02T01:30:00,MCH-03,73.2,0.06,OPERATIONAL
2026-03-02T01:35:00,MCH-04,73.4,0.05,OPERATIONAL
2026-03-02T01:40:00,MCH-05,72.1,0.05,OPERATIONAL
2026-03-02T01:45:00,MCH-06,70.8,0.05,OPERATIONAL
2026-03-02T01:50:00,MCH-07,74.0,0.05,OPERATIONAL
2026-03-02T01:55:00,MCH-08,72.6,0.05,OPERATIONAL
2026-03-02T02:00:00,MCH-01,73.4,0.03,OPERATIONAL
2026-03-02T02:05:00,MCH-02,39.7,0.04,OPERATIONAL
2026-03-02T02:10:00,MCH-03,73.1,0.05,OPERATIONAL
2026-03-02T02:15:00,MCH-04,72.7,0.06,OPERATIONAL
2026-03-02T02:20:00,MCH-05,71.5,0.04,OPERATIONAL
2026-03-02T02:25:00,MCH-06,71.7,0.06,OPERATIONAL
2026-03-02T02:30:00,MCH-07,73.6,0.05,OPERATIONAL
2026-03-02T02:35:00,MCH-08,72.5,0.05,OPERATIONAL
2026-03-02T02:40:00,MCH-01,72.6,0.02,OPERATIONAL
2026-03-02T02:45:00,MCH-02,55.6,0.41,WARNING
2026-03-02T02:50:00,MCH-03,72.0,0.06,OPERATIONAL
2026-03-02T02:55:00,MCH-04,73.2,0.06,OPERATIONAL
2026-03-02T03:00:00,MCH-05,72.0,0.03,OPERATIONAL
2026-03-02T03:05:00,MCH-06,72.2,0.06,OPERATIONAL
2026-03-02T03:10:00,MCH-07,73.0,0.06,OPERATIONAL
2026-03-02T03:15:00,MCH-08,74.2,0.04,OPERATIONAL
2026-03-02T03:20:00,MCH-01,72.8,0.03,OPERATIONAL
2026-03-02T03:25:00,MCH-01,72.0,0.03,OPERATIONAL
2026-03-02T03:30:00,MCH-03,73.0,0.06,OPERATIONAL
2026-03-02T03:35:00,MCH-04,73.3,0.05,OPERATIONAL
2026-03-02T03:40:00,MCH-05,71.8,0.04,OPERATIONAL
2026-03-02T03:45:00,MCH-06,72.1,0.07,OPERATIONAL
2026-03-02T03:50:00,MCH-07,73.3,0.06,OPERATIONAL
2026-03-02T03:55:00,MCH-08,72.7,0.04,OPERATIONAL
2026-03-02T04:00:00,MCH-01,80.3,0.54,WARNING
2026-03-02T04:05:00,MCH-02,57.0,0.43,WARNING
2026-03-02T04:10:00,MCH-03,71.3,0.05,OPERATIONAL
2026-03-02T04:15:00,MCH-04,74.3,0.05,OPERATIONAL
2026-03-02T04:20:00,MCH-05,72.7,0.05,OPERATIONAL
2026-03-02T04:25:00,MCH-06,71.1,0.05,OPERATIONAL
2026-03-02T04:30:00,MCH-07,73.7,0.05,OPERATIONAL
2026-03-02T04:35:00,MCH-07,73.0,0.06,OPERATIONAL
2026-03-02T04:40:00,MCH-01,84.9,0.35,WARNING
2026-03-02T04:45:00,MCH-01,81.7,0.88,WARNING
2026-03-02T04:50:00,MCH-03,73.6,0.07,OPERATIONAL
2026-03-02T04:55:00,MCH-04,74.0,0.05,OPERATIONAL
2026-03-02T05:00:00,MCH-05,72.1,0.03,OPERATIONAL
2026-03-02T05:05:00,MCH-06,71.0,0.06,OPERATIONAL
2026-03-02T05:10:00,MCH-07,74.3,0.05,OPERATIONAL
2026-03-02T05:15:00,MCH-08,72.9,0.04,OPERATIONAL
2026-03-02T05:20:00,MCH-01,86.8,1.08,WARNING
2026-03-02T05:25:00,MCH-02,53.7,0.94,WARNING
2026-03-02T05:30:00,MCH-03,72.5,0.05,OPERATIONAL
2026-03-02T05:35:00,MCH-04,73.8,0.06,OPERATIONAL
2026-03-02T05:40:00,MCH-05,71.9,0.05,OPERATIONAL
2026-03-02T05:45:00,MCH-05,71.5,0.04,OPERATIONAL
2026-03-02T05:50:00,MCH-07,73.9,0.05,OPERATIONAL
2026-03-02T05:55:00,MCH-08,73.4,0.04,OPERATIONAL
2026-03-02T06:00:00,MCH-08,72.9,0.04,OPERATIONAL
2026-03-02T06:05:00,MCH-02,51.9,1.07,WARNING
2026-03-02T06:10:00,MCH-03,73.1,0.06,OPERATIONAL
2026-03-02T06:15:00,MCH-04,73.2,0.06,OPERATIONAL
2026-03-02T06:20:00,MCH-04,73.1,0.06,OPERATIONAL
2026-03-02T06:25:00,MCH-06,71.6,0.06,OPERATIONAL
2026-03-02T06:30:00,MCH-07,73.7,0.06,OPERATIONAL
2026-03-02T06:35:00,MCH-08,73.1,0.04,OPERATIONAL
2026-03-02T06:40:00,MCH-01,87.1,0.72,WARNING
2026-03-02T06:45:00,MCH-02,56.5,0.92,WARNING
2026-03-02T06:50:00,MCH-03,72.2,0.06,OPERATIONAL
2026-03-02T06:55:00,MCH-04,74.6,0.05,OPERATIONAL
2026-03-02T07:00:00,MCH-04,74.1,0.05,OPERATIONAL
2026-03-02T07:05:00,MCH-04,72.7,0.05,OPERATIONAL
2026-03-02T07:10:00,MCH-07,73.8,0.06,OPERATIONAL
2026-03-02T07:15:00,MCH-08,72.3,0.04,OPERATIONAL
2026-03-02T07:20:00,MCH-01,89.4,0.81,WARNING
2026-03-02T07:25:00,MCH-01,73.3,0.03,OPERATIONAL
2026-03-02T07:30:00,MCH-03,72.7,0.06,OPERATIONAL
2026-03-02T07:35:00,MCH-04,73.3,0.05,OPERATIONAL
2026-03-02T07:40:00,MCH-05,71.6,0.05,OPERATIONAL
2026-03-02T07:45:00,MCH-06,71.7,0.08,OPERATIONAL
2026-03-02T07:50:00,MCH-06,71.9,0.07,OPERATIONAL
2026-03-02T07:55:00,MCH-08,72.5,0.05,OPERATIONAL
2026-03-02T08:00:00,MCH-01,72.7,0.03,OPERATIONAL
2026-03-02T08:05:00,MCH-02,39.7,0.03,OPERATIONAL
2026-03-02T08:10:00,MCH-03,72.2,0.05,OPERATIONAL
2026-03-02T08:15:00,MCH-04,73.8,0.04,OPERATIONAL
2026-03-02T08:20:00,MCH-05,71.8,0.03,OPERATIONAL
2026-03-02T08:25:00,MCH-06,71.9,0.06,OPERATIONAL
2026-03-02T08:30:00,MCH-07,73.5,0.05,OPERATIONAL
2026-03-02T08:35:00,MCH-08,73.1,0.05,OPERATIONAL
2026-03-02T08:40:00,MCH-01,72.6,0.04,OPERATIONAL
2026-03-02T08:45:00,MCH-02,40.0,0.03,OPERATIONAL
2026-03-02T08:50:00,MCH-03,73.4,0.06,OPERATIONAL
2026-03-02T08:55:00,MCH-03,72.4,0.06,OPERATIONAL
2026-03-02T09:00:00,MCH-05,72.3,0.04,OPERATIONAL
2026-03-02T09:05:00,MCH-06,71.1,0.06,OPERATIONAL
2026-03-02T09:10:00,MCH-07,72.5,0.06,OPERATIONAL
2026-03-02T09:15:00,MCH-08,72.7,0.05,OPERATIONAL
2026-03-02T09:20:00,MCH-08,72.5,0.05,OPERATIONAL
2026-03-02T09:25:00,MCH-02,40.5,0.03,OPERATIONAL
2026-03-02T09:30:00,MCH-02,38.9,0.03,OPERATIONAL
2026-03-02T09:35:00,MCH-04,73.9,0.05,OPERATIONAL
2026-03-02T09:40:00,MCH-05,71.8,0.03,OPERATIONAL
2026-03-02T09:45:00,MCH-06,72.0,0.06,OPERATIONAL
2026-03-02T09:50:00,MCH-06,72.2,0.08,OPERATIONAL
2026-03-02T09:55:00,MCH-08,73.3,0.04,OPERATIONAL
2026-03-02T10:00:00,MCH-01,72.4,0.03,OPERATIONAL
2026-03-02T10:05:00,MCH-02,40.3,0.02,OPERATIONAL
2026-03-02T10:10:00,MCH-03,72.7,0.05,OPERATIONAL
2026-03-02T10:15:00,MCH-04,73.9,0.05,OPERATIONAL
2026-03-02T10:20:00,MCH-05,72.4,0.04,OPERATIONAL
2026-03-02T10:25:00,MCH-06,71.3,0.06,OPERATIONAL
2026-03-02T10:30:00,MCH-07,73.6,0.05,OPERATIONAL
2026-03-02T10:35:00,MCH-08,72.0,0.06,OPERATIONAL
2026-03-02T10:40:00,MCH-01,73.6,0.03,OPERATIONAL
2026-03-02T10:45:00,MCH-02,39.6,0.02,OPERATIONAL
2026-03-02T10:50:00,MCH-03,73.6,0.06,OPERATIONAL
2026-03-02T10:55:00,MCH-03,73.5,0.06,OPERATIONAL
2026-03-02T11:00:00,MCH-05,71.9,0.04,OPERATIONAL
2026-03-02T11:05:00,MCH-06,70.8,0.06,OPERATIONAL
2026-03-02T11:10:00,MCH-07,74.0,0.05,OPERATIONAL
2026-03-02T11:15:00,MCH-08,72.3,0.05,OPERATIONAL
2026-03-02T11:20:00,MCH-01,72.0,0.03,OPERATIONAL
2026-03-02T11:25:00,MCH-02,39.5,0.03,OPERATIONAL
2026-03-02T11:30:00,MCH-03,72.7,0.05,OPERATIONAL
2026-03-02T11:35:00,MCH-04,74.3,0.05,OPERATIONAL
2026-03-02T11:40:00,MCH-05,71.7,0.04,OPERATIONAL
2026-03-02T11:45:00,MCH-05,71.1,0.03,OPERATIONAL
2026-03-02T11:50:00,MCH-05,71.7,0.03,OPERATIONAL
2026-03-02T11:55:00,MCH-08,73.1,0.06,OPERATIONAL
2026-03-02T12:00:00,MCH-01,73.0,0.04,OPERATIONAL
2026-03-02T12:05:00,MCH-02,40.1,0.02,OPERATIONAL
2026-03-02T12:10:00,MCH-03,72.6,0.07,OPERATIONAL
2026-03-02T12:15:00,MCH-04,74.8,0.05,OPERATIONAL
2026-03-02T12:20:00,MCH-05,70.8,0.03,OPERATIONAL
2026-03-02T12:25:00,MCH-06,71.6,0.06,OPERATIONAL
2026-03-02T12:30:00,MCH-07,73.5,0.04,OPERATIONAL
2026-03-02T12:35:00,MCH-08,73.1,0.04,OPERATIONAL
2026-03-02T12:40:00,MCH-01,73.9,0.03,OPERATIONAL
2026-03-02T12:45:00,MCH-02,40.0,0.03,OPERATIONAL
2026-03-02T12:50:00,MCH-03,73.3,0.06,OPERATIONAL
2026-03-02T12:55:00,MCH-04,73.2,0.05,OPERATIONAL
2026-03-02T13:00:00,MCH-05,79.4,1.17,WARNING
2026-03-02T13:05:00,MCH-06,71.7,0.06,OPERATIONAL
2026-03-02T13:10:00,MCH-07,74.2,0.05,OPERATIONAL
2026-03-02T13:15:00,MCH-08,90.3,0.98,WARNING
2026-03-02T13:20:00,MCH-08,83.5,1.06,WARNING
2026-03-02T13:25:00,MCH-02,39.1,0.02,OPERATIONAL
2026-03-02T13:30:00,MCH-03,72.2,0.05,OPERATIONAL
2026-03-02T13:35:00,MCH-04,73.3,0.04,OPERATIONAL
2026-03-02T13:40:00,MCH-05,86.6,0.8,WARNING
2026-03-02T13:45:00,MCH-06,71.4,0.06,OPERATIONAL
2026-03-02T13:50:00,MCH-07,73.5,0.04,OPERATIONAL
2026-03-02T13:55:00,MCH-07,74.0,0.05,OPERATIONAL
2026-03-02T14:00:00,MCH-01,72.9,0.03,OPERATIONAL
2026-03-02T14:05:00,MCH-02,40.3,0.02,OPERATIONAL
2026-03-02T14:10:00,MCH-02,40.9,0.03,OPERATIONAL
2026-03-02T14:15:00,MCH-02,40.1,0.02,OPERATIONAL
2026-03-02T14:20:00,MCH-05,83.8,1.19,WARNING
2026-03-02T14:25:00,MCH-06,70.9,0.07,OPERATIONAL
2026-03-02T14:30:00,MCH-06,71.6,0.06,OPERATIONAL
2026-03-02T14:35:00,MCH-08,88.4,0.61,WARNING
2026-03-02T14:40:00,MCH-01,72.4,0.04,OPERATIONAL
2026-03-02T14:45:00,MCH-02,39.7,0.02,OPERATIONAL
2026-03-02T14:50:00,MCH-02,39.9,0.03,OPERATIONAL
2026-03-02T14:55:00,MCH-04,73.8,0.04,OPERATIONAL
2026-03-02T15:00:00,MCH-05,89.7,0.8,WARNING
2026-03-02T15:05:00,MCH-06,72.4,0.06,OPERATIONAL
2026-03-02T15:10:00,MCH-07,73.9,0.04,OPERATIONAL
2026-03-02T15:15:00,MCH-08,89.6,0.78,WARNING
2026-03-02T15:20:00,MCH-08,72.6,0.04,OPERATIONAL
2026-03-02T15:25:00,MCH-02,40.3,0.03,OPERATIONAL
2026-03-02T15:30:00,MCH-03,72.0,0.06,OPERATIONAL
2026-03-02T15:35:00,MCH-04,74.0,0.04,OPERATIONAL
2026-03-02T15:40:00,MCH-04,73.8,0.04,OPERATIONAL
2026-03-02T15:45:00,MCH-06,72.3,0.06,OPERATIONAL
2026-03-02T15:50:00,MCH-07,73.4,0.05,OPERATIONAL
2026-03-02T15:55:00,MCH-08,72.8,0.04,OPERATIONAL
2026-03-02T16:00:00,MCH-01,73.2,0.02,OPERATIONAL
2026-03-02T16:05:00,MCH-02,40.0,0.03,OPERATIONAL
2026-03-02T16:10:00,MCH-03,72.9,0.06,OPERATIONAL
2026-03-02T16:15:00,MCH-04,74.1,0.05,OPERATIONAL
2026-03-02T16:20:00,MCH-05,71.5,0.03,OPERATIONAL
2026-03-02T16:25:00,MCH-06,71.6,0.06,OPERATIONAL
2026-03-02T16:30:00,MCH-07,74.4,0.04,OPERATIONAL
2026-03-02T16:35:00,MCH-08,72.3,0.04,OPERATIONAL
2026-03-02T16:40:00,MCH-01,73.1,0.03,OPERATIONAL
2026-03-02T16:45:00,MCH-02,40.1,0.03,OPERATIONAL
2026-03-02T16:50:00,MCH-03,72.2,0.07,OPERATIONAL
2026-03-02T16:55:00,MCH-04,73.7,0.05,OPERATIONAL
2026-03-02T17:00:00,MCH-05,72.3,0.03,OPERATIONAL
2026-03-02T17:05:00,MCH-06,72.0,0.06,OPERATIONAL
2026-03-02T17:10:00,MCH-07,72.5,0.04,OPERATIONAL
2026-03-02T17:15:00,MCH-08,72.3,0.03,OPERATIONAL
2026-03-02T17:20:00,MCH-01,73.5,0.04,OPERATIONAL
2026-03-02T17:25:00,MCH-02,40.7,0.03,OPERATIONAL
2026-03-02T17:30:00,MCH-03,72.4,0.07,OPERATIONAL
2026-03-02T17:35:00,MCH-04,73.3,0.04,OPERATIONAL
2026-03-02T17:40:00,MCH-05,72.4,0.04,OPERATIONAL
2026-03-02T17:45:00,MCH-06,72.2,0.06,OPERATIONAL
2026-03-02T17:50:00,MCH-07,73.7,0.04,OPERATIONAL
2026-03-02T17:55:00,MCH-08,72.4,0.04,OPERATIONAL
2026-03-02T18:00:00,MCH-01,73.3,0.04,OPERATIONAL
2026-03-02T18:05:00,MCH-02,40.4,0.03,OPERATIONAL
2026-03-02T18:10:00,MCH-03,73.3,0.06,OPERATIONAL
2026-03-02T18:15:00,MCH-04,74.2,0.04,OPERATIONAL
2026-03-02T18:20:00,MCH-05,71.4,0.04,OPERATIONAL
2026-03-02T18:25:00,MCH-06,72.2,0.07,OPERATIONAL
2026-03-02T18:30:00,MCH-07,72.4,0.04,OPERATIONAL
2026-03-02T18:35:00,MCH-08,72.3,0.05,OPERATIONAL
2026-03-02T18:40:00,MCH-08,72.0,0.04,OPERATIONAL
2026-03-02T18:45:00,MCH-08,73.4,0.05,OPERATIONAL
2026-03-02T18:50:00,MCH-03,72.1,0.06,OPERATIONAL
2026-03-02T18:55:00,MCH-04,73.6,0.05,OPERATIONAL
2026-03-02T19:00:00,MCH-05,70.8,0.03,OPERATIONAL
2026-03-02T19:05:00,MCH-06,71.9,0.06,OPERATIONAL
2026-03-02T19:10:00,MCH-07,74.5,0.05,OPERATIONAL
2026-03-02T19:15:00,MCH-08,73.2,0.05,OPERATIONAL
2026-03-02T19:20:00,MCH-01,73.4,0.03,OPERATIONAL
2026-03-02T19:25:00,MCH-02,39.9,0.02,OPERATIONAL
2026-03-02T19:30:00,MCH-03,73.4,0.06,OPERATIONAL
2026-03-02T19:35:00,MCH-04,73.9,0.04,OPERATIONAL
2026-03-02T19:40:00,MCH-05,72.7,0.04,OPERATIONAL
2026-03-02T19:45:00,MCH-06,72.0,0.06,OPERATIONAL
2026-03-02T19:50:00,MCH-07,89.8,0.95,WARNING
2026-03-02T19:55:00,MCH-07,83.9,0.9,WARNING
2026-03-02T20:00:00,MCH-01,73.5,0.03,OPERATIONAL
2026-03-02T20:05:00,MCH-02,40.2,0.03,OPERATIONAL
2026-03-02T20:10:00,MCH-03,72.3,0.07,OPERATIONAL
2026-03-02T20:15:00,MCH-04,73.5,0.04,OPERATIONAL
2026-03-02T20:20:00,MCH-05,71.4,0.04,OPERATIONAL
2026-03-02T20:25:00,MCH-06,72.3,0.06,OPERATIONAL
2026-03-02T20:30:00,MCH-07,72.9,0.05,OPERATIONAL
2026-03-02T20:35:00,MCH-08,73.3,0.04,OPERATIONAL
2026-03-02T20:40:00,MCH-01,73.5,0.02,OPERATIONAL
2026-03-02T20:45:00,MCH-02,39.2,0.02,OPERATIONAL
2026-03-02T20:50:00,MCH-03,72.5,0.07,OPERATIONAL
2026-03-02T20:55:00,MCH-04,73.1,0.05,OPERATIONAL
2026-03-02T21:00:00,MCH-04,73.6,0.04,OPERATIONAL
2026-03-02T21:05:00,MCH-06,70.9,0.06,OPERATIONAL
2026-03-02T21:10:00,MCH-06,71.8,0.06,OPERATIONAL
2026-03-02T21:15:00,MCH-08,73.3,0.04,OPERATIONAL
2026-03-02T21:20:00,MCH-01,73.4,0.05,OPERATIONAL
2026-03-02T21:25:00,MCH-01,73.3,0.03,OPERATIONAL
2026-03-02T21:30:00,MCH-03,71.1,0.06,OPERATIONAL
2026-03-02T21:35:00,MCH-03,73.9,0.06,OPERATIONAL
2026-03-02T21:40:00,MCH-05,71.9,0.03,OPERATIONAL
2026-03-02T21:45:00,MCH-06,72.0,0.06,OPERATIONAL
2026-03-02T21:50:00,MCH-07,73.3,0.05,OPERATIONAL
2026-03-02T21:55:00,MCH-08,72.6,0.04,OPERATIONAL
2026-03-02T22:00:00,MCH-01,72.3,0.04,OPERATIONAL
2026-03-02T22:05:00,MCH-01,73.9,0.03,OPERATIONAL
2026-03-02T22:10:00,MCH-01,73.2,0.04,OPERATIONAL
2026-03-02T22:15:00,MCH-01,73.6,0.03,OPERATIONAL
2026-03-02T22:20:00,MCH-05,71.3,0.03,OPERATIONAL
2026-03-02T22:25:00,MCH-06,72.1,0.07,OPERATIONAL
2026-03-02T22:30:00,MCH-07,73.5,0.05,OPERATIONAL
2026-03-02T22:35:00,MCH-08,72.2,0.04,OPERATIONAL
2026-03-02T22:40:00,MCH-01,73.2,0.03,OPERATIONAL
2026-03-02T22:45:00,MCH-02,40.6,0.03,OPERATIONAL
2026-03-02T22:50:00,MCH-03,72.2,0.06,OPERATIONAL
2026-03-02T22:55:00,MCH-04,74.3,0.05,OPERATIONAL
2026-03-02T23:00:00,MCH-05,71.4,0.03,OPERATIONAL
2026-03-02T23:05:00,MCH-06,71.5,0.06,OPERATIONAL
2026-03-02T23:10:00,MCH-07,73.2,0.05,OPERATIONAL
2026-03-02T23:15:00,MCH-08,72.9,0.03,OPERATIONAL
2026-03-02T23:20:00,MCH-01,73.8,0.03,OPERATIONAL
2026-03-02T23:25:00,MCH-02,40.8,0.02,OPERATIONAL
2026-03-02T23:30:00,MCH-02,40.6,0.02,OPERATIONAL
2026-03-02T23:35:00,MCH-04,72.9,0.05,OPERATIONAL
2026-03-02T23:40:00,MCH-05,70.8,0.03,OPERATIONAL
2026-03-02T23:45:00,MCH-06,72.2,0.07,OPERATIONAL
2026-03-02T23:50:00,MCH-06,72.2,0.06,OPERATIONAL
2026-03-02T23:55:00,MCH-08,71.9,0.04,OPERATIONAL
2026-03-03T00:00:00,MCH-01,72.8,0.04,OPERATIONAL
2026-03-03T00:05:00,MCH-02,40.6,0.03,OPERATIONAL
2026-03-03T00:10:00,MCH-03,72.0,0.06,OPERATIONAL
2026-03-03T00:15:00,MCH-04,72.7,0.05,OPERATIONAL
2026-03-03T00:20:00,MCH-04,74.3,0.04,OPERATIONAL
2026-03-03T00:25:00,MCH-06,71.7,0.06,OPERATIONAL
2026-03-03T00:30:00,MCH-07,74.2,0.04,OPERATIONAL
2026-03-03T00:35:00,MCH-07,73.1,0.04,OPERATIONAL
2026-03-03T00:40:00,MCH-01,72.0,0.03,OPERATIONAL
2026-03-03T00:45:00,MCH-02,39.8,0.03,OPERATIONAL
2026-03-03T00:50:00,MCH-03,73.2,0.06,OPERATIONAL
2026-03-03T00:55:00,MCH-04,74.5,0.04,OPERATIONAL
2026-03-03T01:00:00,MCH-05,70.8,0.04,OPERATIONAL
2026-03-03T01:05:00,MCH-06,71.1,0.08,OPERATIONAL
2026-03-03T01:10:00,MCH-07,73.3,0.05,OPERATIONAL
2026-03-03T01:15:00,MCH-08,73.7,0.03,OPERATIONAL
2026-03-03T01:20:00,MCH-01,72.8,0.04,OPERATIONAL
2026-03-03T01:25:00,MCH-02,40.2,0.03,OPERATIONAL
2026-03-03T01:30:00,MCH-03,71.4,0.07,OPERATIONAL
2026-03-03T01:35:00,MCH-04,73.1,0.05,OPERATIONAL
2026-03-03T01:40:00,MCH-05,71.7,0.03,OPERATIONAL
2026-03-03T01:45:00,MCH-06,71.9,0.07,OPERATIONAL
2026-03-03T01:50:00,MCH-07,73.2,0.05,OPERATIONAL
2026-03-03T01:55:00,MCH-08,73.5,0.04,OPERATIONAL
2026-03-03T02:00:00,MCH-01,73.5,0.02,OPERATIONAL
2026-03-03T02:05:00,MCH-01,72.9,0.03,OPERATIONAL
2026-03-03T02:10:00,MCH-03,73.8,0.07,OPERATIONAL
2026-03-03T02:15:00,MCH-04,73.3,0.05,OPERATIONAL
2026-03-03T02:20:00,MCH-05,71.3,0.03,OPERATIONAL
2026-03-03T02:25:00,MCH-05,70.8,0.03,OPERATIONAL
2026-03-03T02:30:00,MCH-05,71.2,0.03,OPERATIONAL
2026-03-03T02:35:00,MCH-08,72.9,0.03,OPERATIONAL
2026-03-03T02:40:00,MCH-01,72.6,0.03,OPERATIONAL
2026-03-03T02:45:00,MCH-01,72.6,0.04,OPERATIONAL
2026-03-03T02:50:00,MCH-01,73.4,0.04,OPERATIONAL
2026-03-03T02:55:00,MCH-04,73.1,0.05,OPERATIONAL
2026-03-03T03:00:00,MCH-05,84.7,0.57,WARNING
2026-03-03T03:05:00,MCH-06,72.0,0.07,OPERATIONAL
2026-03-03T03:10:00,MCH-07,73.5,0.05,OPERATIONAL
2026-03-03T03:15:00,MCH-08,72.2,0.05,OPERATIONAL
2026-03-03T03:20:00,MCH-01,72.6,0.03,OPERATIONAL
2026-03-03T03:25:00,MCH-02,40.3,0.03,OPERATIONAL
2026-03-03T03:30:00,MCH-03,71.8,0.08,OPERATIONAL
2026-03-03T03:35:00,MCH-04,74.5,0.05,OPERATIONAL
2026-03-03T03:40:00,MCH-05,83.6,0.35,WARNING
2026-03-03T03:45:00,MCH-06,71.2,0.06,OPERATIONAL
2026-03-03T03:50:00,MCH-07,73.8,0.06,OPERATIONAL
2026-03-03T03:55:00,MCH-07,73.5,0.04,OPERATIONAL
2026-03-03T04:00:00,MCH-01,72.1,0.03,OPERATIONAL
2026-03-03T04:05:00,MCH-02,40.3,0.03,OPERATIONAL
2026-03-03T04:10:00,MCH-03,72.0,0.06,OPERATIONAL
2026-03-03T04:15:00,MCH-03,72.3,0.07,OPERATIONAL
2026-03-03T04:20:00,MCH-05,70.6,0.04,OPERATIONAL
2026-03-03T04:25:00,MCH-06,71.5,0.06,OPERATIONAL
2026-03-03T04:30:00,MCH-07,73.6,0.04,OPERATIONAL
2026-03-03T04:35:00,MCH-08,73.1,0.03,OPERATIONAL
2026-03-03T04:40:00,MCH-01,73.8,0.02,OPERATIONAL
2026-03-03T04:45:00,MCH-02,39.8,0.03,OPERATIONAL
2026-03-03T04:50:00,MCH-03,71.9,0.06,OPERATIONAL
2026-03-03T04:55:00,MCH-04,72.8,0.04,OPERATIONAL
2026-03-03T05:00:00,MCH-05,71.0,0.05,OPERATIONAL
2026-03-03T05:05:00,MCH-06,72.3,0.06,OPERATIONAL
2026-03-03T05:10:00,MCH-07,72.4,0.05,OPERATIONAL
2026-03-03T05:15:00,MCH-08,71.5,0.03,OPERATIONAL
2026-03-03T05:20:00,MCH-01,72.6,0.03,OPERATIONAL
2026-03-03T05:25:00,MCH-02,39.6,0.03,OPERATIONAL
2026-03-03T05:30:00,MCH-03,72.2,0.06,OPERATIONAL
2026-03-03T05:35:00,MCH-04,74.0,0.06,OPERATIONAL
2026-03-03T05:40:00,MCH-05,72.0,0.03,OPERATIONAL
2026-03-03T05:45:00,MCH-05,71.5,0.04,OPERATIONAL
2026-03-03T05:50:00,MCH-05,71.7,0.04,OPERATIONAL
2026-03-03T05:55:00,MCH-05,71.8,0.04,OPERATIONAL
2026-03-03T06:00:00,MCH-05,70.7,0.05,OPERATIONAL
2026-03-03T06:05:00,MCH-02,40.3,0.02,OPERATIONAL
2026-03-03T06:10:00,MCH-03,72.9,0.06,OPERATIONAL
2026-03-03T06:15:00,MCH-04,74.2,0.04,OPERATIONAL
2026-03-03T06:20:00,MCH-04,73.0,0.06,OPERATIONAL
2026-03-03T06:25:00,MCH-06,71.5,0.06,OPERATIONAL
2026-03-03T06:30:00,MCH-07,73.3,0.04,OPERATIONAL
2026-03-03T06:35:00,MCH-07,72.7,0.04,OPERATIONAL
2026-03-03T06:40:00,MCH-01,72.2,0.03,OPERATIONAL
2026-03-03T06:45:00,MCH-02,39.4,0.02,OPERATIONAL
2026-03-03T06:50:00,MCH-03,73.2,0.08,OPERATIONAL
2026-03-03T06:55:00,MCH-04,72.8,0.06,OPERATIONAL
2026-03-03T07:00:00,MCH-05,71.9,0.04,OPERATIONAL
2026-03-03T07:05:00,MCH-06,71.3,0.07,OPERATIONAL
2026-03-03T07:10:00,MCH-07,74.3,0.05,OPERATIONAL
2026-03-03T07:15:00,MCH-08,71.7,0.04,OPERATIONAL
2026-03-03T07:20:00,MCH-01,73.9,0.03,OPERATIONAL
2026-03-03T07:25:00,MCH-02,39.5,0.03,OPERATIONAL
2026-03-03T07:30:00,MCH-03,72.0,0.07,OPERATIONAL
2026-03-03T07:35:00,MCH-04,73.8,0.05,OPERATIONAL
2026-03-03T07:40:00,MCH-05,71.6,0.04,OPERATIONAL
2026-03-03T07:45:00,MCH-06,72.2,0.06,OPERATIONAL
2026-03-03T07:50:00,MCH-07,73.0,0.04,OPERATIONAL
2026-03-03T07:55:00,MCH-08,72.2,0.04,OPERATIONAL
2026-03-03T08:00:00,MCH-01,73.2,0.03,OPERATIONAL
2026-03-03T08:05:00,MCH-01,72.5,0.04,OPERATIONAL
2026-03-03T08:10:00,MCH-03,86.7,0.7,WARNING
2026-03-03T08:15:00,MCH-04,73.3,0.04,OPERATIONAL
2026-03-03T08:20:00,MCH-05,72.5,0.04,OPERATIONAL
2026-03-03T08:25:00,MCH-06,71.1,0.07,OPERATIONAL
2026-03-03T08:30:00,MCH-07,74.2,0.04,OPERATIONAL
2026-03-03T08:35:00,MCH-08,72.1,0.04,OPERATIONAL
2026-03-03T08:40:00,MCH-08,72.6,0.04,OPERATIONAL
2026-03-03T08:45:00,MCH-02,40.7,0.04,OPERATIONAL
2026-03-03T08:50:00,MCH-02,39.1,0.02,OPERATIONAL
2026-03-03T08:55:00,MCH-04,73.0,0.04,OPERATIONAL
2026-03-03T09:00:00,MCH-05,72.6,0.05,OPERATIONAL
2026-03-03T09:05:00,MCH-06,72.3,0.06,OPERATIONAL
2026-03-03T09:10:00,MCH-06,71.2,0.08,OPERATIONAL
2026-03-03T09:15:00,MCH-08,72.5,0.03,OPERATIONAL
2026-03-03T09:20:00,MCH-01,73.1,0.04,OPERATIONAL
2026-03-03T09:25:00,MCH-02,38.9,0.03,OPERATIONAL
2026-03-03T09:30:00,MCH-03,92.2,0.5,WARNING
2026-03-03T09:35:00,MCH-04,73.1,0.04,OPERATIONAL
2026-03-03T09:40:00,MCH-05,71.8,0.04,OPERATIONAL
2026-03-03T09:45:00,MCH-06,71.9,0.07,OPERATIONAL
2026-03-03T09:50:00,MCH-06,71.3,0.07,OPERATIONAL
2026-03-03T09:55:00,MCH-08,73.5,0.03,OPERATIONAL
2026-03-03T10:00:00,MCH-08,72.4,0.04,OPERATIONAL
2026-03-03T10:05:00,MCH-02,40.0,0.02,OPERATIONAL
2026-03-03T10:10:00,MCH-03,90.3,1.23,WARNING
2026-03-03T10:15:00,MCH-03,88.3,0.71,WARNING
2026-03-03T10:20:00,MCH-03,85.2,0.4,WARNING
2026-03-03T10:25:00,MCH-06,71.9,0.08,OPERATIONAL
2026-03-03T10:30:00,MCH-07,73.9,0.04,OPERATIONAL
2026-03-03T10:35:00,MCH-08,72.1,0.03,OPERATIONAL
2026-03-03T10:40:00,MCH-08,73.3,0.04,OPERATIONAL
2026-03-03T10:45:00,MCH-08,72.5,0.04,OPERATIONAL
2026-03-03T10:50:00,MCH-08,73.4,0.04,OPERATIONAL
2026-03-03T10:55:00,MCH-04,73.8,0.05,OPERATIONAL
2026-03-03T11:00:00,MCH-05,71.5,0.03,OPERATIONAL
2026-03-03T11:05:00,MCH-06,71.7,0.06,OPERATIONAL
2026-03-03T11:10:00,MCH-07,74.1,0.06,OPERATIONAL
2026-03-03T11:15:00,MCH-07,102.0,1.07,ERROR
2026-03-03T11:20:00,MCH-01,72.2,0.02,OPERATIONAL
2026-03-03T11:25:00,MCH-01,72.8,0.03,OPERATIONAL
2026-03-03T11:30:00,MCH-03,85.2,0.98,WARNING
2026-03-03T11:35:00,MCH-04,74.1,0.05,OPERATIONAL
2026-03-03T11:40:00,MCH-04,73.3,0.05,OPERATIONAL
2026-03-03T11:45:00,MCH-06,72.9,0.07,OPERATIONAL
2026-03-03T11:50:00,MCH-07,74.3,0.04,OPERATIONAL
2026-03-03T11:55:00,MCH-08,83.5,0.87,WARNING
2026-03-03T12:00:00,MCH-01,72.2,0.02,OPERATIONAL
2026-03-03T12:05:00,MCH-02,39.1,0.02,OPERATIONAL
2026-03-03T12:10:00,MCH-03,73.2,0.07,OPERATIONAL
2026-03-03T12:15:00,MCH-04,73.9,0.06,OPERATIONAL
2026-03-03T12:20:00,MCH-05,80.9,0.45,WARNING
2026-03-03T12:25:00,MCH-06,72.2,0.07,OPERATIONAL
2026-03-03T12:30:00,MCH-07,74.2,0.05,OPERATIONAL
2026-03-03T12:35:00,MCH-08,82.2,0.51,WARNING
2026-03-03T12:40:00,MCH-01,72.7,0.02,OPERATIONAL
2026-03-03T12:45:00,MCH-02,40.4,0.03,OPERATIONAL
2026-03-03T12:50:00,MCH-02,39.8,0.03,OPERATIONAL
2026-03-03T12:55:00,MCH-04,74.3,0.05,OPERATIONAL
2026-03-03T13:00:00,MCH-05,87.2,0.62,WARNING
2026-03-03T13:05:00,MCH-05,80.7,0.79,WARNING
2026-03-03T13:10:00,MCH-07,73.4,0.04,OPERATIONAL
2026-03-03T13:15:00,MCH-08,88.3,0.99,WARNING
2026-03-03T13:20:00,MCH-01,72.4,0.03,OPERATIONAL
2026-03-03T13:25:00,MCH-01,73.8,0.02,OPERATIONAL
2026-03-03T13:30:00,MCH-03,72.8,0.06,OPERATIONAL
2026-03-03T13:35:00,MCH-04,75.5,0.05,OPERATIONAL
2026-03-03T13:40:00,MCH-05,81.2,1.1,WARNING
2026-03-03T13:45:00,MCH-06,71.2,0.07,OPERATIONAL
2026-03-03T13:50:00,MCH-06,71.9,0.07,OPERATIONAL
2026-03-03T13:55:00,MCH-08,88.1,0.9,WARNING
2026-03-03T14:00:00,MCH-01,73.4,0.02,OPERATIONAL
2026-03-03T14:05:00,MCH-02,39.9,0.04,OPERATIONAL
2026-03-03T14:10:00,MCH-03,73.0,0.06,OPERATIONAL
2026-03-03T14:15:00,MCH-04,73.1,0.05,OPERATIONAL
2026-03-03T14:20:00,MCH-04,74.3,0.05,OPERATIONAL
2026-03-03T14:25:00,MCH-06,71.8,0.08,OPERATIONAL
2026-03-03T14:30:00,MCH-07,73.4,0.04,OPERATIONAL
2026-03-03T14:35:00,MCH-07,73.6,0.04,OPERATIONAL
2026-03-03T14:40:00,MCH-01,72.9,0.03,OPERATIONAL
2026-03-03T14:45:00,MCH-01,73.7,0.02,OPERATIONAL
2026-03-03T14:50:00,MCH-03,37.4,0.0,ERROR
2026-03-03T14:55:00,MCH-04,72.4,0.04,OPERATIONAL
2026-03-03T15:00:00,MCH-05,89.4,0.64,WARNING
2026-03-03T15:05:00,MCH-06,71.6,0.08,OPERATIONAL
2026-03-03T15:10:00,MCH-07,73.7,0.04,OPERATIONAL
2026-03-03T15:15:00,MCH-08,81.4,0.61,WARNING
2026-03-03T15:20:00,MCH-01,72.0,0.03,OPERATIONAL
2026-03-03T15:25:00,MCH-02,39.9,0.02,OPERATIONAL
2026-03-03T15:30:00,MCH-03,94.3,1.13,ERROR
2026-03-03T15:35:00,MCH-04,74.1,0.04,OPERATIONAL
2026-03-03T15:40:00,MCH-05,82.9,0.68,WARNING
2026-03-03T15:45:00,MCH-06,71.4,0.07,OPERATIONAL
2026-03-03T15:50:00,MCH-07,73.6,0.04,OPERATIONAL
2026-03-03T15:55:00,MCH-07,73.4,0.04,OPERATIONAL
2026-03-03T16:00:00,MCH-07,73.8,0.04,OPERATIONAL
2026-03-03T16:05:00,MCH-07,74.3,0.05,OPERATIONAL
2026-03-03T16:10:00,MCH-03,47.7,0.02,ERROR
2026-03-03T16:15:00,MCH-04,73.5,0.04,OPERATIONAL
2026-03-03T16:20:00,MCH-05,85.2,1.08,WARNING
2026-03-03T16:25:00,MCH-06,72.5,0.07,OPERATIONAL
2026-03-03T16:30:00,MCH-06,70.9,0.07,OPERATIONAL
2026-03-03T16:35:00,MCH-08,83.8,1.16,WARNING
2026-03-03T16:40:00,MCH-01,73.7,0.02,OPERATIONAL
2026-03-03T16:45:00,MCH-02,39.9,0.02,OPERATIONAL
2026-03-03T16:50:00,MCH-03,73.3,0.06,OPERATIONAL
2026-03-03T16:55:00,MCH-03,72.8,0.06,OPERATIONAL
2026-03-03T17:00:00,MCH-05,71.5,0.06,OPERATIONAL
2026-03-03T17:05:00,MCH-06,71.4,0.07,OPERATIONAL
2026-03-03T17:10:00,MCH-07,73.7,0.04,OPERATIONAL
2026-03-03T17:15:00,MCH-08,85.3,0.94,WARNING
2026-03-03T17:20:00,MCH-01,73.5,0.02,OPERATIONAL
2026-03-03T17:25:00,MCH-02,39.1,0.02,OPERATIONAL
2026-03-03T17:30:00,MCH-03,73.2,0.05,OPERATIONAL
2026-03-03T17:35:00,MCH-04,73.5,0.04,OPERATIONAL
2026-03-03T17:40:00,MCH-04,73.0,0.04,OPERATIONAL
2026-03-03T17:45:00,MCH-06,71.8,0.07,OPERATIONAL
2026-03-03T17:50:00,MCH-07,73.8,0.04,OPERATIONAL
2026-03-03T17:55:00,MCH-08,73.3,0.03,OPERATIONAL
2026-03-03T18:00:00,MCH-08,72.1,0.03,OPERATIONAL
2026-03-03T18:05:00,MCH-02,40.4,0.03,OPERATIONAL
2026-03-03T18:10:00,MCH-03,72.9,0.06,OPERATIONAL
2026-03-03T18:15:00,MCH-04,75.2,0.05,OPERATIONAL
2026-03-03T18:20:00,MCH-05,71.9,0.03,OPERATIONAL
2026-03-03T18:25:00,MCH-06,71.6,0.09,OPERATIONAL
2026-03-03T18:30:00,MCH-07,73.2,0.03,OPERATIONAL
2026-03-03T18:35:00,MCH-07,73.8,0.05,OPERATIONAL
2026-03-03T18:40:00,MCH-01,73.9,0.03,OPERATIONAL
2026-03-03T18:45:00,MCH-01,73.2,0.02,OPERATIONAL
2026-03-03T18:50:00,MCH-03,72.7,0.07,OPERATIONAL
2026-03-03T18:55:00,MCH-04,74.6,0.04,OPERATIONAL
2026-03-03T19:00:00,MCH-04,73.4,0.05,OPERATIONAL
2026-03-03T19:05:00,MCH-04,73.0,0.05,OPERATIONAL
2026-03-03T19:10:00,MCH-04,73.9,0.05,OPERATIONAL
2026-03-03T19:15:00,MCH-08,73.8,0.03,OPERATIONAL
2026-03-03T19:20:00,MCH-01,73.7,0.04,OPERATIONAL
2026-03-03T19:25:00,MCH-02,39.5,0.02,OPERATIONAL
2026-03-03T19:30:00,MCH-02,40.2,0.02,OPERATIONAL
2026-03-03T19:35:00,MCH-04,73.5,0.05,OPERATIONAL
2026-03-03T19:40:00,MCH-05,71.6,0.04,OPERATIONAL
2026-03-03T19:45:00,MCH-06,71.3,0.07,OPERATIONAL
2026-03-03T19:50:00,MCH-07,73.5,0.03,OPERATIONAL
2026-03-03T19:55:00,MCH-08,72.5,0.05,OPERATIONAL
2026-03-03T20:00:00,MCH-01,83.4,1.21,WARNING
2026-03-03T20:05:00,MCH-02,40.0,0.02,OPERATIONAL
2026-03-03T20:10:00,MCH-03,72.3,0.07,OPERATIONAL
2026-03-03T20:15:00,MCH-04,74.1,0.05,OPERATIONAL
2026-03-03T20:20:00,MCH-05,71.1,0.04,OPERATIONAL
2026-03-03T20:25:00,MCH-06,72.1,0.07,OPERATIONAL
2026-03-03T20:30:00,MCH-07,73.7,0.04,OPERATIONAL
2026-03-03T20:35:00,MCH-08,86.4,0.36,WARNING
2026-03-03T20:40:00,MCH-01,86.3,0.77,WARNING
2026-03-03T20:45:00,MCH-02,40.0,0.03,OPERATIONAL
2026-03-03T20:50:00,MCH-03,71.4,0.07,OPERATIONAL
2026-03-03T20:55:00,MCH-04,72.6,0.04,OPERATIONAL
2026-03-03T21:00:00,MCH-05,71.6,0.04,OPERATIONAL
2026-03-03T21:05:00,MCH-06,72.1,0.07,OPERATIONAL
2026-03-03T21:10:00,MCH-07,73.5,0.04,OPERATIONAL
2026-03-03T21:15:00,MCH-08,80.7,0.36,WARNING
2026-03-03T21:20:00,MCH-01,72.3,0.04,OPERATIONAL
2026-03-03T21:25:00,MCH-01,72.1,0.04,OPERATIONAL
2026-03-03T21:30:00,MCH-03,73.1,0.06,OPERATIONAL
2026-03-03T21:35:00,MCH-04,72.7,0.04,OPERATIONAL
2026-03-03T21:40:00,MCH-05,71.7,0.04,OPERATIONAL
2026-03-03T21:45:00,MCH-06,71.7,0.07,OPERATIONAL
2026-03-03T21:50:00,MCH-07,73.3,0.05,OPERATIONAL
2026-03-03T21:55:00,MCH-08,81.4,1.22,WARNING
2026-03-03T22:00:00,MCH-01,74.2,0.02,OPERATIONAL
2026-03-03T22:05:00,MCH-02,39.7,0.02,OPERATIONAL
2026-03-03T22:10:00,MCH-03,73.6,0.06,OPERATIONAL
2026-03-03T22:15:00,MCH-04,73.7,0.05,OPERATIONAL
2026-03-03T22:20:00,MCH-05,90.9,0.56,WARNING
2026-03-03T22:25:00,MCH-06,71.5,0.07,OPERATIONAL
2026-03-03T22:30:00,MCH-07,74.0,0.06,OPERATIONAL
2026-03-03T22:35:00,MCH-08,81.9,0.55,WARNING
2026-03-03T22:40:00,MCH-08,80.9,1.02,WARNING
2026-03-03T22:45:00,MCH-02,39.8,0.03,OPERATIONAL
2026-03-03T22:50:00,MCH-02,40.1,0.02,OPERATIONAL
2026-03-03T22:55:00,MCH-04,73.5,0.05,OPERATIONAL
2026-03-03T23:00:00,MCH-05,82.0,1.12,WARNING
2026-03-03T23:05:00,MCH-05,80.4,0.8,WARNING
2026-03-03T23:10:00,MCH-07,72.4,0.03,OPERATIONAL
2026-03-03T23:15:00,MCH-08,89.2,0.35,WARNING
2026-03-03T23:20:00,MCH-01,72.7,0.02,OPERATIONAL
2026-03-03T23:25:00,MCH-02,38.8,0.03,OPERATIONAL
2026-03-03T23:30:00,MCH-03,72.9,0.07,OPERATIONAL
2026-03-03T23:35:00,MCH-04,74.0,0.04,OPERATIONAL
2026-03-03T23:40:00,MCH-05,84.6,0.76,WARNING
2026-03-03T23:45:00,MCH-06,71.9,0.08,OPERATIONAL
2026-03-03T23:50:00,MCH-07,74.1,0.04,OPERATIONAL
2026-03-03T23:55:00,MCH-08,85.3,1.24,WARNING
2026-03-04T00:00:00,MCH-01,74.3,0.02,OPERATIONAL
2026-03-04T00:05:00,MCH-02,40.6,0.03,OPERATIONAL
2026-03-04T00:10:00,MCH-03,73.5,0.06,OPERATIONAL
2026-03-04T00:15:00,MCH-04,73.6,0.05,OPERATIONAL
2026-03-04T00:20:00,MCH-05,79.1,0.43,WARNING
2026-03-04T00:25:00,MCH-06,72.3,0.08,OPERATIONAL
2026-03-04T00:30:00,MCH-07,73.6,0.04,OPERATIONAL
2026-03-04T00:35:00,MCH-08,72.3,0.05,OPERATIONAL
2026-03-04T00:40:00,MCH-01,73.6,0.03,OPERATIONAL
2026-03-04T00:45:00,MCH-02,40.4,0.02,OPERATIONAL
2026-03-04T00:50:00,MCH-03,72.8,0.07,OPERATIONAL
2026-03-04T00:55:00,MCH-04,74.9,0.04,OPERATIONAL
2026-03-04T01:00:00,MCH-05,88.9,0.81,WARNING
2026-03-04T01:05:00,MCH-06,71.7,0.07,OPERATIONAL
2026-03-04T01:10:00,MCH-07,73.0,0.03,OPERATIONAL
2026-03-04T01:15:00,MCH-08,71.7,0.04,OPERATIONAL
2026-03-04T01:20:00,MCH-01,72.5,0.03,OPERATIONAL
2026-03-04T01:25:00,MCH-02,40.2,0.02,OPERATIONAL
2026-03-04T01:30:00,MCH-03,73.4,0.06,OPERATIONAL
2026-03-04T01:35:00,MCH-04,73.7,0.04,OPERATIONAL
2026-03-04T01:40:00,MCH-04,73.4,0.04,OPERATIONAL
2026-03-04T01:45:00,MCH-06,71.4,0.08,OPERATIONAL
2026-03-04T01:50:00,MCH-07,74.2,0.03,OPERATIONAL
2026-03-04T01:55:00,MCH-08,73.0,0.04,OPERATIONAL
2026-03-04T02:00:00,MCH-01,73.3,0.03,OPERATIONAL
2026-03-04T02:05:00,MCH-02,40.6,0.04,OPERATIONAL
2026-03-04T02:10:00,MCH-03,73.8,0.06,OPERATIONAL
2026-03-04T02:15:00,MCH-04,73.0,0.04,OPERATIONAL
2026-03-04T02:20:00,MCH-05,83.8,0.5,WARNING
2026-03-04T02:25:00,MCH-05,71.6,0.03,OPERATIONAL
2026-03-04T02:30:00,MCH-07,73.4,0.04,OPERATIONAL
2026-03-04T02:35:00,MCH-08,72.6,0.05,OPERATIONAL
2026-03-04T02:40:00,MCH-01,73.8,0.02,OPERATIONAL
2026-03-04T02:45:00,MCH-02,51.5,0.01,ERROR
2026-03-04T02:50:00,MCH-03,73.2,0.06,OPERATIONAL
2026-03-04T02:55:00,MCH-04,74.7,0.03,OPERATIONAL
2026-03-04T03:00:00,MCH-05,72.4,0.03,OPERATIONAL
2026-03-04T03:05:00,MCH-06,71.4,0.08,OPERATIONAL
2026-03-04T03:10:00,MCH-06,71.8,0.08,OPERATIONAL
2026-03-04T03:15:00,MCH-08,72.4,0.05,OPERATIONAL
2026-03-04T03:20:00,MCH-01,73.2,0.02,OPERATIONAL
2026-03-04T03:25:00,MCH-02,47.1,0.03,ERROR
2026-03-04T03:30:00,MCH-03,73.1,0.06,OPERATIONAL
2026-03-04T03:35:00,MCH-04,73.9,0.04,OPERATIONAL
2026-03-04T03:40:00,MCH-05,71.6,0.05,OPERATIONAL
2026-03-04T03:45:00,MCH-06,71.4,0.08,OPERATIONAL
2026-03-04T03:50:00,MCH-07,73.8,0.04,OPERATIONAL
2026-03-04T03:55:00,MCH-08,71.5,0.06,OPERATIONAL
2026-03-04T04:00:00,MCH-01,73.5,0.03,OPERATIONAL
2026-03-04T04:05:00,MCH-02,40.3,0.02,OPERATIONAL
2026-03-04T04:10:00,MCH-03,72.1,0.06,OPERATIONAL
2026-03-04T04:15:00,MCH-04,73.4,0.04,OPERATIONAL
2026-03-04T04:20:00,MCH-05,72.2,0.05,OPERATIONAL
2026-03-04T04:25:00,MCH-05,71.3,0.03,OPERATIONAL
2026-03-04T04:30:00,MCH-07,74.1,0.04,OPERATIONAL
2026-03-04T04:35:00,MCH-08,73.2,0.05,OPERATIONAL
2026-03-04T04:40:00,MCH-01,72.4,0.03,OPERATIONAL
2026-03-04T04:45:00,MCH-01,73.4,0.02,OPERATIONAL
2026-03-04T04:50:00,MCH-03,73.5,0.06,OPERATIONAL
2026-03-04T04:55:00,MCH-04,73.8,0.05,OPERATIONAL
2026-03-04T05:00:00,MCH-05,72.2,0.04,OPERATIONAL
2026-03-04T05:05:00,MCH-06,72.9,0.08,OPERATIONAL
2026-03-04T05:10:00,MCH-06,71.9,0.08,OPERATIONAL
2026-03-04T05:15:00,MCH-08,82.5,1.03,WARNING
2026-03-04T05:20:00,MCH-01,72.9,0.02,OPERATIONAL
2026-03-04T05:25:00,MCH-02,39.2,0.02,OPERATIONAL
2026-03-04T05:30:00,MCH-02,40.5,0.03,OPERATIONAL
2026-03-04T05:35:00,MCH-04,73.3,0.05,OPERATIONAL
2026-03-04T05:40:00,MCH-04,73.8,0.04,OPERATIONAL
2026-03-04T05:45:00,MCH-04,89.1,0.56,WARNING
2026-03-04T05:50:00,MCH-07,72.8,0.03,OPERATIONAL
2026-03-04T05:55:00,MCH-08,92.8,0.8,WARNING
2026-03-04T06:00:00,MCH-01,71.2,0.03,OPERATIONAL
2026-03-04T06:05:00,MCH-02,40.1,0.04,OPERATIONAL
2026-03-04T06:10:00,MCH-03,72.3,0.06,OPERATIONAL
2026-03-04T06:15:00,MCH-04,85.4,0.38,WARNING
2026-03-04T06:20:00,MCH-05,72.1,0.03,OPERATIONAL
2026-03-04T06:25:00,MCH-06,71.3,0.07,OPERATIONAL
2026-03-04T06:30:00,MCH-07,92.5,0.86,WARNING
2026-03-04T06:35:00,MCH-08,86.1,0.51,WARNING
2026-03-04T06:40:00,MCH-01,74.1,0.02,OPERATIONAL
2026-03-04T06:45:00,MCH-02,39.2,0.02,OPERATIONAL
2026-03-04T06:50:00,MCH-02,41.0,0.03,OPERATIONAL
2026-03-04T06:55:00,MCH-02,39.9,0.02,OPERATIONAL
2026-03-04T07:00:00,MCH-05,70.6,0.06,OPERATIONAL
2026-03-04T07:05:00,MCH-06,72.1,0.08,OPERATIONAL
2026-03-04T07:10:00,MCH-07,89.8,1.23,WARNING
2026-03-04T07:15:00,MCH-08,86.7,0.92,WARNING
2026-03-04T07:20:00,MCH-01,72.0,0.02,OPERATIONAL
2026-03-04T07:25:00,MCH-02,39.2,0.03,OPERATIONAL
2026-03-04T07:30:00,MCH-02,40.1,0.03,OPERATIONAL
2026-03-04T07:35:00,MCH-04,92.8,0.97,WARNING
2026-03-04T07:40:00,MCH-05,73.5,0.04,OPERATIONAL
2026-03-04T07:45:00,MCH-05,71.6,0.04,OPERATIONAL
2026-03-04T07:50:00,MCH-05,71.7,0.03,OPERATIONAL
2026-03-04T07:55:00,MCH-08,85.5,0.7,WARNING
2026-03-04T08:00:00,MCH-01,71.5,0.01,OPERATIONAL
2026-03-04T08:05:00,MCH-02,39.5,0.03,OPERATIONAL
2026-03-04T08:10:00,MCH-02,39.2,0.02,OPERATIONAL
2026-03-04T08:15:00,MCH-04,74.5,0.05,OPERATIONAL
2026-03-04T08:20:00,MCH-05,71.9,0.04,OPERATIONAL
2026-03-04T08:25:00,MCH-06,71.1,0.07,OPERATIONAL
2026-03-04T08:30:00,MCH-06,71.1,0.08,OPERATIONAL
2026-03-04T08:35:00,MCH-08,82.7,0.85,WARNING
2026-03-04T08:40:00,MCH-01,89.4,0.58,WARNING
2026-03-04T08:45:00,MCH-02,39.9,0.02,OPERATIONAL
2026-03-04T08:50:00,MCH-03,72.6,0.06,OPERATIONAL
2026-03-04T08:55:00,MCH-04,74.2,0.05,OPERATIONAL
2026-03-04T09:00:00,MCH-05,72.3,0.04,OPERATIONAL
2026-03-04T09:05:00,MCH-06,72.7,0.07,OPERATIONAL
2026-03-04T09:10:00,MCH-06,70.5,0.09,OPERATIONAL
2026-03-04T09:15:00,MCH-08,71.8,0.04,OPERATIONAL
2026-03-04T09:20:00,MCH-01,86.6,1.07,WARNING
2026-03-04T09:25:00,MCH-02,40.5,0.05,OPERATIONAL
2026-03-04T09:30:00,MCH-02,41.1,0.03,OPERATIONAL
2026-03-04T09:35:00,MCH-04,74.3,0.05,OPERATIONAL
2026-03-04T09:40:00,MCH-05,72.5,0.03,OPERATIONAL
2026-03-04T09:45:00,MCH-06,71.0,0.08,OPERATIONAL
2026-03-04T09:50:00,MCH-07,85.8,0.68,WARNING
2026-03-04T09:55:00,MCH-08,72.3,0.04,OPERATIONAL
2026-03-04T10:00:00,MCH-01,90.2,1.18,WARNING
2026-03-04T10:05:00,MCH-02,39.5,0.03,OPERATIONAL
2026-03-04T10:10:00,MCH-03,72.7,0.07,OPERATIONAL
2026-03-04T10:15:00,MCH-03,71.9,0.08,OPERATIONAL
2026-03-04T10:20:00,MCH-03,72.2,0.06,OPERATIONAL
2026-03-04T10:25:00,MCH-06,71.9,0.07,OPERATIONAL
2026-03-04T10:30:00,MCH-07,83.0,0.88,WARNING
2026-03-04T10:35:00,MCH-08,72.0,0.06,OPERATIONAL
2026-03-04T10:40:00,MCH-01,72.3,0.02,OPERATIONAL
2026-03-04T10:45:00,MCH-02,40.5,0.03,OPERATIONAL
2026-03-04T10:50:00,MCH-03,72.8,0.06,OPERATIONAL
2026-03-04T10:55:00,MCH-04,72.8,0.04,OPERATIONAL
2026-03-04T11:00:00,MCH-05,71.4,0.03,OPERATIONAL
2026-03-04T11:05:00,MCH-05,72.3,0.03,OPERATIONAL
2026-03-04T11:10:00,MCH-07,73.4,0.04,OPERATIONAL
2026-03-04T11:15:00,MCH-08,72.8,0.05,OPERATIONAL
2026-03-04T11:20:00,MCH-01,74.6,0.02,OPERATIONAL
2026-03-04T11:25:00,MCH-01,72.5,0.02,OPERATIONAL
2026-03-04T11:30:00,MCH-03,71.5,0.07,OPERATIONAL
2026-03-04T11:35:00,MCH-04,73.3,0.06,OPERATIONAL
2026-03-04T11:40:00,MCH-05,71.3,0.05,OPERATIONAL
2026-03-04T11:45:00,MCH-05,71.3,0.04,OPERATIONAL
2026-03-04T11:50:00,MCH-07,73.6,0.03,OPERATIONAL
2026-03-04T11:55:00,MCH-08,72.8,0.05,OPERATIONAL
2026-03-04T12:00:00,MCH-08,73.2,0.04,OPERATIONAL
2026-03-04T12:05:00,MCH-02,40.1,0.05,OPERATIONAL
2026-03-04T12:10:00,MCH-03,73.5,0.06,OPERATIONAL
2026-03-04T12:15:00,MCH-04,73.3,0.06,OPERATIONAL
2026-03-04T12:20:00,MCH-05,72.2,0.03,OPERATIONAL
2026-03-04T12:25:00,MCH-06,71.8,0.08,OPERATIONAL
2026-03-04T12:30:00,MCH-07,73.7,0.04,OPERATIONAL
2026-03-04T12:35:00,MCH-08,72.4,0.05,OPERATIONAL
2026-03-04T12:40:00,MCH-01,73.4,0.03,OPERATIONAL
2026-03-04T12:45:00,MCH-02,39.6,0.04,OPERATIONAL
2026-03-04T12:50:00,MCH-03,72.3,0.06,OPERATIONAL
2026-03-04T12:55:00,MCH-03,72.9,0.07,OPERATIONAL
2026-03-04T13:00:00,MCH-05,72.5,0.04,OPERATIONAL
2026-03-04T13:05:00,MCH-05,72.3,0.04,OPERATIONAL
2026-03-04T13:10:00,MCH-07,74.2,0.04,OPERATIONAL
2026-03-04T13:15:00,MCH-08,72.5,0.06,OPERATIONAL
2026-03-04T13:20:00,MCH-01,73.6,0.02,OPERATIONAL
2026-03-04T13:25:00,MCH-02,39.2,0.03,OPERATIONAL
2026-03-04T13:30:00,MCH-03,72.6,0.06,OPERATIONAL
2026-03-04T13:35:00,MCH-03,72.2,0.06,OPERATIONAL
2026-03-04T13:40:00,MCH-05,71.8,0.04,OPERATIONAL
2026-03-04T13:45:00,MCH-06,70.7,0.07,OPERATIONAL
2026-03-04T13:50:00,MCH-06,47.0,0.03,ERROR
2026-03-04T13:55:00,MCH-06,72.3,0.09,OPERATIONAL
2026-03-04T14:00:00,MCH-01,73.9,0.02,OPERATIONAL
2026-03-04T14:05:00,MCH-02,56.2,0.59,WARNING
2026-03-04T14:10:00,MCH-03,72.2,0.06,OPERATIONAL
2026-03-04T14:15:00,MCH-03,73.8,0.07,OPERATIONAL
2026-03-04T14:20:00,MCH-05,71.1,0.03,OPERATIONAL
2026-03-04T14:25:00,MCH-05,71.5,0.03,OPERATIONAL
2026-03-04T14:30:00,MCH-07,74.0,0.04,OPERATIONAL
2026-03-04T14:35:00,MCH-08,72.5,0.05,OPERATIONAL
2026-03-04T14:40:00,MCH-01,73.3,0.02,OPERATIONAL
2026-03-04T14:45:00,MCH-02,54.9,0.63,WARNING
2026-03-04T14:50:00,MCH-03,72.5,0.07,OPERATIONAL
2026-03-04T14:55:00,MCH-04,74.8,0.04,OPERATIONAL
2026-03-04T15:00:00,MCH-05,72.0,0.03,OPERATIONAL
2026-03-04T15:05:00,MCH-06,71.3,0.07,OPERATIONAL
2026-03-04T15:10:00,MCH-07,72.8,0.04,OPERATIONAL
2026-03-04T15:15:00,MCH-08,72.7,0.05,OPERATIONAL
2026-03-04T15:20:00,MCH-01,53.0,0.05,ERROR
2026-03-04T15:25:00,MCH-02,50.4,0.52,WARNING
2026-03-04T15:30:00,MCH-02,40.3,0.03,OPERATIONAL
2026-03-04T15:35:00,MCH-04,73.5,0.05,OPERATIONAL
2026-03-04T15:40:00,MCH-05,73.1,0.04,OPERATIONAL
2026-03-04T15:45:00,MCH-05,71.1,0.04,OPERATIONAL
2026-03-04T15:50:00,MCH-05,71.9,0.04,OPERATIONAL
2026-03-04T15:55:00,MCH-08,72.8,0.05,OPERATIONAL
2026-03-04T16:00:00,MCH-01,35.1,0.04,ERROR
2026-03-04T16:05:00,MCH-02,40.1,0.03,OPERATIONAL
2026-03-04T16:10:00,MCH-03,73.5,0.07,OPERATIONAL
2026-03-04T16:15:00,MCH-04,74.5,0.07,OPERATIONAL
2026-03-04T16:20:00,MCH-05,72.3,0.03,OPERATIONAL
2026-03-04T16:25:00,MCH-06,71.0,0.07,OPERATIONAL
2026-03-04T16:30:00,MCH-06,72.8,0.07,OPERATIONAL
2026-03-04T16:35:00,MCH-08,73.0,0.05,OPERATIONAL
2026-03-04T16:40:00,MCH-01,72.6,0.02,OPERATIONAL
2026-03-04T16:45:00,MCH-02,40.8,0.03,OPERATIONAL
2026-03-04T16:50:00,MCH-03,73.4,0.06,OPERATIONAL
2026-03-04T16:55:00,MCH-04,73.1,0.05,OPERATIONAL
2026-03-04T17:00:00,MCH-05,72.6,0.03,OPERATIONAL
2026-03-04T17:05:00,MCH-06,71.5,0.08,OPERATIONAL
2026-03-04T17:10:00,MCH-07,73.5,0.05,OPERATIONAL
2026-03-04T17:15:00,MCH-08,72.1,0.04,OPERATIONAL
2026-03-04T17:20:00,MCH-01,73.7,0.02,OPERATIONAL
2026-03-04T17:25:00,MCH-02,39.9,0.03,OPERATIONAL
2026-03-04T17:30:00,MCH-03,71.8,0.06,OPERATIONAL
2026-03-04T17:35:00,MCH-04,74.5,0.05,OPERATIONAL
2026-03-04T17:40:00,MCH-05,71.6,0.03,OPERATIONAL
2026-03-04T17:45:00,MCH-05,72.6,0.05,OPERATIONAL
2026-03-04T17:50:00,MCH-07,73.6,0.04,OPERATIONAL
2026-03-04T17:55:00,MCH-08,73.0,0.05,OPERATIONAL
2026-03-04T18:00:00,MCH-01,73.5,0.03,OPERATIONAL
2026-03-04T18:05:00,MCH-02,39.8,0.05,OPERATIONAL
2026-03-04T18:10:00,MCH-02,39.9,0.04,OPERATIONAL
2026-03-04T18:15:00,MCH-04,74.0,0.06,OPERATIONAL
2026-03-04T18:20:00,MCH-05,72.0,0.03,OPERATIONAL
2026-03-04T18:25:00,MCH-06,71.6,0.07,OPERATIONAL
2026-03-04T18:30:00,MCH-07,71.8,0.05,OPERATIONAL
2026-03-04T18:35:00,MCH-08,73.6,0.05,OPERATIONAL
2026-03-04T18:40:00,MCH-01,72.5,0.02,OPERATIONAL
2026-03-04T18:45:00,MCH-02,40.1,0.04,OPERATIONAL
2026-03-04T18:50:00,MCH-03,72.3,0.07,OPERATIONAL
2026-03-04T18:55:00,MCH-04,75.3,0.05,OPERATIONAL
2026-03-04T19:00:00,MCH-05,72.0,0.04,OPERATIONAL
2026-03-04T19:05:00,MCH-06,71.2,0.06,OPERATIONAL
2026-03-04T19:10:00,MCH-07,74.3,0.04,OPERATIONAL
2026-03-04T19:15:00,MCH-08,72.9,0.05,OPERATIONAL
